﻿Designator,Footprint,Quantity,Value,LCSC Part #
"+12V, BPS_HZD1, CRUZ_EN, CRUZ_SET, DBG_LED, FWD_SW, GND, IGN_ARR, IGN_PWR, LFT_OUT, LV_EN1, REV_SW, RT_OUT, SUPP+1, SUPP-1",TestPoint_Pad_1.0x1.0mm,15,TestPoint,
"12V_PWR1, LFT_LED1, RT_LED1",0805,3,SMD_0805,
BPS_HZD_LED1,0805,1,SMD_0805_RED,
"C1, C2, C3, C4, C5, C6, C7, C8, C9",0805,9,5uF,
"C10, C11",0805,2,100uF,
CRUZ_EN_SW1,SW_PUSH_6mm,1,CRUSE_EN_SW_12V,
CRUZ_SET_SW1,SW_PUSH_6mm,1,CRUSE_SET_SW_12V,
"D1, D2",D_SOD-123,2,BAV16W,
D3,BZT52B12QX,1,BZT52-B12-QX,
D4,DO-221AC,1,VSSAF522,
F1,3588,1,Fuse,
GEAR_SW_12V1,3posSlideToggle,1,GR_SW1,
"H1, H2, H3, H4",MountingHole_3mm,4,MountingHole,
HEARTBEAT_LED1,0805,1,SMD_0805_GRN,
HZD_SW1,Toggle,1,HAZARD_SWITCH_12V,
IGN_SW1,SW_3POS_ROT,1,IGNITION_SW_12V,
J1,Molex_Micro-Fit_3.0_43045-1200_2x06_P3.00mm_Horizontal,1,Controls_Leader_Export_02x06,
J3,Molex_Micro-Fit_3.0_43650-0300_1x03_P3.00mm_Horizontal,1,INDICATOR_SWITCH_OUT,
J5,Molex_Micro-Fit_3.0_43650-0200_1x02_P3.00mm_Horizontal,1,Horn_In_01x02,
J6,Molex_Micro-Fit_3.0_43650-0200_1x02_P3.00mm_Horizontal,1,Horn_Out_01x02,
J8,Molex_Micro-Fit_3.0_43650-0300_1x03_P3.00mm_Horizontal,1,Supp_Out,
J9,Molex_Micro-Fit_3.0_43650-0215_1x02_P3.00mm_Vertical,1,Supp_In,
Q1,TO200P800X182-5N,1,TO200P800X182-5N,
Q2,SOT-23-3,1,Q_PMOS_GDS,
"R1, R17, R2, R3, R4, R5, R6, R7, R8, R9",0805,10,10k,
"R10, R11, R12, R13, R14, R15",0805,6,5.1k,
R16,0805,1,1k,
R18,0805,1,100k,
SUPP1,0805,1,LED,
