﻿Designator,Footprint,Quantity,Value,LCSC Part #
"+12V, BPS_HZD, CRUZ_EN, CRUZ_SET, DBG_LED, FAN_CTRL, FWD_SW, GND, IGN_ARR, IGN_PWR, LFT_OUT, REV_SW, RT_OUT",TestPoint_Pad_1.0x1.0mm,13,TestPoint,
BPS_HZD_2,0805,1,SMD_0805_RED,
"C1, C2, C3, C4, C5, C6, C7, C8, C9",0805,9,5uF,
"C10, C11",0805,2,100uF,
CRUZ_EN_SW,SW_PUSH_6mm,1,CRUSE_EN_SW_12V,
CRUZ_SET_SW,SW_PUSH_6mm,1,CRUSE_SET_SW_12V,
"D1, D2",D_SOD-123,2,BAV16W,
D3,D_SOD-123,1,1N5819HW,
DASH_FAN1,Molex_Micro-Fit_3.0_43650-0300_1x03_P3.00mm_Horizontal,1,DASHBOARD_FAN_12V,
GR_SW,3posSlideToggle,1,GEAR_SW_12V,
"H1, H2, H3, H4",MountingHole_3mm,4,MountingHole,
HEARTBEAT,0805,1,SMD_0805_GRN,
HZD_SW,Toggle,1,HAZARD_SWITCH_12V,
IGN_SW1,SW_3POS_ROT,1,IGNITION_SW_12V,
J1,Molex_Micro-Fit_3.0_43045-1200_2x06_P3.00mm_Horizontal,1,Controls_Leader_Export_02x06,
J2,Molex_Micro-Fit_3.0_43045-0600_2x03_P3.00mm_Horizontal,1,Conn_02x03_CAN,
J3,Molex_Micro-Fit_3.0_43650-0300_1x03_P3.00mm_Horizontal,1,INDICATOR_SWITCH_OUT,
J4,Molex_Micro-Fit_3.0_43650-0200_1x02_P3.00mm_Horizontal,1,FAN_CTRL_01x02,
J5,Molex_Micro-Fit_3.0_43650-0200_1x02_P3.00mm_Horizontal,1,Horn_In_01x02,
J6,Molex_Micro-Fit_3.0_43650-0200_1x02_P3.00mm_Horizontal,1,Horn_Out_01x02,
J7,Molex_Micro-Fit_3.0_43045-0400_2x02_P3.00mm_Horizontal,1,Conn_02x03_CAN,
J8,Molex_Micro-Fit_3.0_43650-0300_1x03_P3.00mm_Horizontal,1,Supp_Out,
J9,Molex_Micro-Fit_3.0_43650-0215_1x02_P3.00mm_Vertical,1,Supp_In,
"LFT_LED, RT_LED",0805,2,SMD_0805,
"R1, R2, R3, R4, R5, R6, R7, R8, R9",0805,9,10k,
"R10, R11, R12, R14",0805,4,5.1k,
R13,0805,1,HZD_RES_VAL,
SUPP_ON,0805,1,LED,
